<?xml version="1.0" encoding="utf-8"?>
<form>
	<fields name="images">


		<field name="floatSpacer" type="note"
		label="Die Felder 'Bild-Klasse'"
		description="Der Standardwert kann vom Administrator via SCSS/CSS leicht angepasst werden. Ist in einem 'sauberen' System zu bevorzugen. Auch hier gilt: Lieber erst mal bei ghsvs.de anfragen vor wilder Einstell-Aktion in allen Beiträgen ;-)"
		class="alertsss alert-info" />

		<field name="float_intro" type="list" default="ghsvs_img-default" filter="string"
			label="Bild-Klasse (Ausrichtung zum Text)"

			class="extended-width">
				<option value="ghsvs_img-default">Vom CSS geerbt (=Standard) [ghsvs_img-default]</option>
				<option value="ghsvs_img-full">Volle Breite [ghsvs_img-full]</option>
				<option value="ghsvs_img-right">Bild rechts [ghsvs_img-right]</option>
				<option value="ghsvs_img-left">Bild links [ghsvs_img-left]</option>
		</field>

		<field name="float_fulltext" type="list" default="ghsvs_img-default" filter="string"
			label="Bild-Klasse (Ausrichtung zum Text)"

			class="extended-width">
				<option value="ghsvs_img-default">Vom CSS geerbt (=Standard) [ghsvs_img-default]</option>
				<option value="ghsvs_img-full">Volle Breite [ghsvs_img-full]</option>
				<option value="ghsvs_img-right">Bild rechts [ghsvs_img-right]</option>
				<option value="ghsvs_img-left">Bild links [ghsvs_img-left]</option>
		</field>

<!-- Der scheiß nur für die class und textarea -->
			
		<field
			name="image_intro_alt"
			type="textarea"
			label="COM_CONTENT_FIELD_IMAGE_ALT_LABEL"
			description="COM_CONTENT_FIELD_IMAGE_ALT_DESC"
			class="extended-width"
		/>

		<field
			name="image_intro_caption"
			type="textarea"
			label="COM_CONTENT_FIELD_IMAGE_CAPTION_LABEL"
			description="COM_CONTENT_FIELD_IMAGE_CAPTION_DESC"
			class="extended-width"
		/>
		<field
			name="image_fulltext_alt"
			type="textarea"
			label="COM_CONTENT_FIELD_IMAGE_ALT_LABEL"
			description="COM_CONTENT_FIELD_IMAGE_ALT_DESC"
			class="extended-width"
		/>

		<field
			name="image_fulltext_caption"
			type="textarea"
			label="COM_CONTENT_FIELD_IMAGE_CAPTION_LABEL"
			description="COM_CONTENT_FIELD_IMAGE_CAPTION_DESC"
			class="extended-width"
		/>
	</fields>
</form>
