<?xml version="1.0" encoding="utf-8"?>
<extension version="3.9" type="plugin" group="system" method="upgrade">
	<name>PLG_SYSTEM_BS3GHSVS</name>
	<author>G@HService Berlin Neukölln, Volkmar Volli Schlothauer (ghsvs.de)</author>
	<creationDate>2015-08-30</creationDate>
	<copyright>(C) 2015, G@HService Berlin Neukölln, Volkmar Volli Schlothauer.</copyright>
	<license>GNU General Public License version 3 or later; see LICENSE.txt.</license>
	<authorUrl>https://www.ghsvs.de</authorUrl>
	<version>2020.10.23</version>
	<versionHistory>
2015.10.01: ghsvs.de
2016.01.16: Komplett neu überarbeitet. Begann wegen Bugs mit Templatestilen in Menüeinträgen.
2017.08.05: irc-finance.ch
- Überarbeitung für saubere Installation, auch auf ghsvs.de.
2017.08.06:
- Kleinere Aufräumarbeiten.
2018.01.24:
- Kleinere Anpassungen.
- Update venobox, footables, moment, SlickNav
2018.01.25:
- Add scriptfile.
- Add minimumJoomla and minimumPhp as custom tags in manifest xml.
2019.06.29
		https://updates.ghsvs.de/changelog.php?file=bs3ghsvs
2019.08.26:
- bs3ghsvs.php, pagebreakghsvs-feature: Print-Output: $title2 was missing in headlines.
- Some additions from ghsvs-de-relaunch-bs3
2019.09.04:
- http://localhost/leder-hofmann: Grave bug in TemplateHelper.php::getLessPluginParams (getTemplate removed). Needs also fix in html/lessghsvs.php (See $tplName).
- Versuch in onAfterRoute Vorschalt-Seite zu integrieren.
2019.09.29:
- spielereien.illovo.de Optionen 'otherFileName' (vielleicht sinnfrei?) und 'mediaLoad' 
- Add fontawesome-free 5
2019.11.09:
- relaunch-bs3.ghsvs.de
- Aufräumen Parameter in plgSystemBs3Ghsvs.json
- Bootstrap 4 nach /media/
2019.12.14:
- module.xml deaktivierbar machen.
- Leder-Hofmann-"Special" übernommen (menuItem.xml), da Gefahr zu groß, dass bei Update kaputt geht.
2020.03.22:
- Smoothscroll auf nativen Browser-Support umgestellt.
- Weitere animate()-abhängigkeiten entfernt. Bleibt leider noch venobox bis ich jquery-slim verwenden kann.
- ESTABLISH NEW UPDATESERVER, CHANGELOG filename "bs3ghsvs2020". Um nicht mit Installationen bei Kunden zu kollidieren
- gs-wd.ghsvs.de
- Versuch, ohne HTMLHELPER overrides auszukommen wegen f** WebAssetManager ab Joomla 4.
Meint: Weitere Optionen im Plugin anbieten für dies und das.
2020.04.20:
2020.05.14:
- Bootstrap 4.5.0
- JQuery 3.5.1
2020.06.30:
- fontawesome-free 5.13.1
- use ...CMS\Image\Image; See https://github.com/joomla/joomla-cms/issues/29853
- Make uninstallation possible if custom requirements don't match.

	https://updates.ghsvs.de/changelog.php?file=bs3ghsvs2020
	</versionHistory>
	<description>PLG_SYSTEM_BS3GHSVS_DESC</description>

	<updateservers><server type="extension" priority="1" name="PLG_SYSTEM_BS3GHSVS">https://raw.githubusercontent.com/GHSVS-de/upadateservers/master/bs3ghsvs2020-update.xml</server></updateservers>

	<changelogurl>
		https://raw.githubusercontent.com/GHSVS-de/upadateservers/master/bs3ghsvs2020-changelog.xml
	</changelogurl>

	<infourl>https://updates.ghsvs.de/changelog.php?file=bs3ghsvs2020</infourl>

	<scriptfile>installerScript.php</scriptfile>
	<minimumPhp>7.2.0</minimumPhp>
	<maximumPhp></maximumPhp>
	<minimumJoomla>3.9.8</minimumJoomla>
	<maximumJoomla>3.10.99999</maximumJoomla>
	<allowDowngrades>1</allowDowngrades>
	<!--Comma separated. No spaces:-->
	<databaseServerType>mysql</databaseServerType>

	<files>
		<filename plugin="bs3ghsvs">bs3ghsvs.php</filename>
		<folder>Field</folder>
		<folder>Helper</folder>
		<folder>html</folder>
		<folder>language</folder>
		<folder>myforms</folder>
		<folder>sql</folder>
		<folder>vendor</folder>
		<folder>versions-installed</folder>
		<filename>installerScript.php</filename>
		<filename>LICENSE.txt</filename>
	</files>

	<media folder="media" destination="plg_system_bs3ghsvs">
		<folder>css</folder>
		<folder>fonts</folder>
		<folder>fontawesome-free</folder>
		<folder>images</folder>
		<folder>js</folder>
		<folder>layouts</folder>
		<folder>less</folder>
		<folder>scss</folder>
		<folder>svgs</folder>
	</media>

	<install>
		<sql>
			<file driver="mysql" charset="utf8">sql/mysql/bs3ghsvs.sql</file>
		</sql>
	</install>

	<!--<uninstall>
			<sql>
					<file driver="mysql" charset="utf8">sql/example.uninstall.sql</file>
			</sql>
	</uninstall>-->

	<config>
		<fields name="params" addfieldpath="plugins/system/bs3ghsvs/Field">

			<fieldset name="fieldsetEnabledchecker"
				label="PLG_SYSTEM_BS3GHSVS_FIELDSET_ENABLEDCHECKER">

				<field type="plgSystemBs3ghsvs.enabledchecker"
					name="enabledcheckerBasic" hidden="true"
					label=""
					description="" />

				<!--<field name="ArticlesWithExtrafieldsInfo" type="ArticlesWithExtrafieldsInfo"
					description="" hiddenLabel="true" />-->

				<field name="templatesJsonConfigurationInfo" type="templatesJsonConfigurationInfo"
					description="" hiddenLabel="true" />

			</fieldset>

			<fieldset name="basic">
				<field name="assetsbe" type="plgSystemBs3Ghsvs.assetsbe"
					loadjs="false" loadJQuery="false" loadcss="true" />

				<field name="version" type="plgSystemBs3Ghsvs.version"
					label="JVERSION"
					description=""/>

				<field name="log" type="list" default="0" filter="integer"
					label="GHSVS_LOG"
					description="GHSVS_LOG_DESC">
						<option value="0">JNO</option>
						<option value="1">JYES</option>
				</field>

				<field name="loadBootstrapEarly" type="list" default="1" filter="integer"
					label="Load Bootstrap early"
					description="Plugin loads Bootstrap as early as possible in relevant templates.">
						<option value="0">JNO</option>
						<option value="1">JYES</option>
				</field>

				<field name="deleteCanonicals" type="list" default="1" filter="integer"
					label="PLG_SYSTEM_BS3GHSVS_DELETE_CANONICALS"
					description="PLG_SYSTEM_BS3GHSVS_EMPTY_DESC">
						<option value="0">JNO</option>
						<option value="1">JYES</option>
				</field>

				<field name="loadLessClass" type="list" default="0" filter="integer"
					label="PLG_SYSTEM_BS3GHSVS_LOADLESSCLASS"
					description="PLG_SYSTEM_BS3GHSVS_EMPTY_DESC">
						<option value="0">JNO</option>
						<option value="1">JYES</option>
				</field>

				<field name="gzipOffFacebook" type="list" default="1" filter="integer"
					label="PLG_SYSTEM_BS3GHSVS_GZIPOFFFACEBOOK"
					description="PLG_SYSTEM_BS3GHSVS_EMPTY_DESC">
						<option value="0">JNO</option>
						<option value="1">JYES</option>
				</field>

				<field name="initTemplateAlways" type="list" default="0" filter="integer"
					label="PLG_SYSTEM_BS3GHSVS_INITTEMPLATEALWAYS"
					description="PLG_SYSTEM_BS3GHSVS_EMPTY_DESC">
						<option value="0">JNO</option>
						<option value="1">JYES</option>
				</field>

				<field name="frontendEditingOnSpacer" type="spacer"
					label="Die Option 'frontendEditingOn' wurde nach Rücksprache mit GS Wesendorf deaktiviert. Frontend-Editing ist generell nicht erwünscht." />

				<field name="frontendEditingOn" type="list" default="0" filter="integer"
					label="Plugin-eigene Module-Frontend-Bearbeitung generell nutzbar machen? Macht nur Sinn, wenn auch module.xml geladen wird. [frontendEditingOn]"
					description="PLG_SYSTEM_BS3GHSVS_EMPTY_DESC"
					>
						<option value="0">JNO</option>
						<option value="1">JYES</option>
				</field>
			</fieldset><!--/basic-->

			<fieldset name="FieldsetXmlActive"
				label="PLG_SYSTEM_BS3GHSVS_FIELDSET_XMLACTIVE"
				description="PLG_SYSTEM_BS3GHSVS_FIELDSET_XMLACTIVE_DESC">

				<fields name="XmlActiveArticle">

					<field name="XmlActiveArticleSpacer" type="spacer"
						label="PLG_SYSTEM_BS3GHSVS_XMLACTIVE_ARTICLE"
						description="PLG_SYSTEM_BS3GHSVS_EMPTY_DESC"/>

					<field name="xml_base" type="list" default="2"
						filter="integer"
						label="base.xml (System)"
						description="PLG_SYSTEM_BS3GHSVS_EMPTY_DESC">
							<option value="2">JYES</option>
							<option value="0">JNO</option>
					</field>
	
					<field name="xml_articleVarious" type="list" default="1"
						filter="integer"
						label="articleVarious.xml"
						description="PLG_SYSTEM_BS3GHSVS_EMPTY_DESC">
							<option value="1">JYES</option>
							<option value="0">JNO</option>
					</field>
	
					<field name="xml_articleExtension" type="list" default="1"
						filter="integer"
						label="articleExtension.xml"
						description="PLG_SYSTEM_BS3GHSVS_EMPTY_DESC">
							<option value="1">JYES</option>
							<option value="0">JNO</option>
					</field>
				</fields><!--/XmlActiveArticle-->

				<fields name="XmlActiveModule">

					<field name="XmlActiveModuleSpacer" type="spacer"
						label="PLG_SYSTEM_BS3GHSVS_XMLACTIVE_MODULE"
						description="PLG_SYSTEM_BS3GHSVS_EMPTY_DESC"/>

					<field name="xml_base" type="list" default="2"
						filter="integer"
						label="base.xml (System)"
						description="">
							<option value="2">JYES</option>
							<option value="0">JNO</option>
					</field>
	
					<field name="xml_module" type="list" default="1"
						filter="integer"
						label="module.xml"
						description="">
							<option value="1">JYES</option>
							<option value="0">JNO</option>
					</field>

				</fields><!--/XmlActiveModule-->

				<fields name="XmlActiveContactForm">

					<field name="XmlActiveContactForm" type="spacer"
						label="PLG_SYSTEM_BS3GHSVS_XMLACTIVE_CONTACTFORM"
						description="PLG_SYSTEM_BS3GHSVS_EMPTY_DESC"/>
	
					<field name="xml_contactform" type="list" default="1"
						readonly="true" filter="integer"
						label="contactform.xml"
						description="">
							<option value="1">JYES</option>
							<option value="0">JNO</option>
					</field>

					<field name="contact_phoneghsvs_required" type="list" default="0" filter="integer"
						label="PLG_SYSTEM_BS3GHSVS_PHONE_REQUIRED"
						description="PLG_SYSTEM_BS3GHSVS_EMPTY_DESC">
							<option value="0">JNO</option>
							<option value="1">JYES</option>
					</field>

					<field name="contact_name_required" type="list" default="0" filter="integer"
						label="PLG_SYSTEM_BS3GHSVS_NAME_REQUIRED"
						description="PLG_SYSTEM_BS3GHSVS_EMPTY_DESC">
							<option value="0">JNO</option>
							<option value="1">JYES</option>
					</field>

				</fields><!--/XmlActiveContactForm-->
				<fields name="XmlActiveMenuitem">

					<field name="XmlActiveMenuitemSpacer" type="spacer"
						label="PLG_SYSTEM_BS3GHSVS_XMLACTIVE_MENUITEM"
						description="PLG_SYSTEM_BS3GHSVS_EMPTY_DESC"/>

					<field name="xml_base" type="list" default="2"
						readonly="true" filter="integer"
						label="base.xml (System)"
						description="">
							<option value="2">JYES</option>
							<option value="0">JNO</option>
					</field>
	
					<field name="xml_menuitem" type="list" default="1"
						readonly="true" filter="integer"
						label="menuitem.xml"
						description="">
							<option value="1">JYES</option>
							<option value="0">JNO</option>
					</field>

				</fields><!--/XmlActiveMenuitem-->

			</fieldset><!--/FieldsetXmlActive-->


			<fieldset name="FieldsetImageResize"
				label="PLG_SYSTEM_BS3GHSVS_FIELDSET_IMAGERESIZE"
				description="PLG_SYSTEM_BS3GHSVS_EMPTY_DESC">


				<field name="resizeGlobalActive" type="list" default="1" filter="integer"
					label="Resizer global aktivieren"
					description="PLG_SYSTEM_BS3GHSVS_EMPTY_DESC">
						<option value="0">JNO</option>
						<option value="1">JYES</option>
					</field>

				<field type="note" name="resizeGlobalActiveSpacer"
					class="alert alert-block"
					label="Resizer global aktivieren: Wenn NEIN, sind alle folgenden Einstellungen wirkungslos. Es wird nichts getan." />

				<field name="webpSupport" type="list" default="0" filter="integer"
					label="WEBP-Support"
					description="PLG_SYSTEM_BS3GHSVS_EMPTY_DESC">
						<option value="0">JNO</option>
						<option value="1">JYES</option>
						<option value="2">ONLY</option>
				</field>

				<field type="note" name="webpSupportSpacer"
					class="alert alert-block"
					label="PLG_SYSTEM_BS3GHSVS_WEBPSUPPORT_DESC" />

				<field name="resizeForce" type="list" default="0" filter="integer"
					label="PLG_SYSTEM_BS3GHSVS_FORCE"
					description="PLG_SYSTEM_BS3GHSVS_EMPTY_DESC">
						<option value="0">JNO</option>
						<option value="1">JYES</option>
				</field>

				<field type="note" name="forceSpacer"
					class="alert alert-block"
					label="PLG_SYSTEM_BS3GHSVS_FORCE_DESC" />

				<field name="resizeForceMessage" type="list" default="1" filter="integer"
					label="PLG_SYSTEM_BS3GHSVS_FORCEMESSAGE"
					description="PLG_SYSTEM_BS3GHSVS_EMPTY_DESC"
					showon="resizeForce:1">
						<option value="0">JNO</option>
						<option value="1">JYES</option>
				</field>

<field type="spacer" name="spacer156" hr="true" />
<field type="spacer" name="spacer1561" hr="true" />

				<field type="spacer" name="introfullimagespacer"
					label="PLG_SYSTEM_BS3GHSVS_INTROFULLIMAGES" />

				<field name="imageoptimizer_intro_full" type="list" default="0" filter="integer"
					label="Bildoptimierer für Intro- und Beitrags-Bilder aktiv"
					description="">
					<option value="0">JNO</option>
					<option value="1">JYES</option>
				</field>

<!--x = x-large-->
				<field type="spacer" name="spacerx" hr="true" />

<fields name="image_intro">

				<field name="attribs_x" type="text"
				 default="w=700,quality=80,maxOnly=TRUE"
				 label="PLG_SYSTEM_BS3GHSVS_FIELD_INTRO_X_LBL"
				 description="" class="extended-width"
				 showon="active_x:1"/>
		
				<field name="active_x" type="list" default="0"
				 label="x-large aktiv"
				 description=""
				 filter="integer">
				 <option value="0">JNO</option>
				 <option value="1">JYES</option>
				</field>
		
				<field type="spacer" name="spacerl" hr="true" />
		
				<field name="attribs_l" type="text"
				 default="w=480,quality=80,maxOnly=TRUE"
				 label="PLG_SYSTEM_BS3GHSVS_FIELD_INTRO_L_LBL"
				 description="" class="extended-width"
				 showon="active_l:1"/>
				 
				<field name="active_l" type="list"
				 label="large aktiv"
				 description=""
				 filter="integer"
				 default="1"
				 readonly="true">
				 <option value="0">JNO</option>
				 <option value="1">JYES</option>
				</field>
		
		<!--m = medium-->
		
				<field type="spacer" name="spacerm" hr="true" />
		
				<field name="attribs_m" type="text"
				 default="w=360,quality=80,maxOnly=TRUE"
				 label="PLG_SYSTEM_BS3GHSVS_FIELD_INTRO_M_LBL"
				 description="" class="extended-width"
				 showon="active_m:1"/>
		
				<field name="active_m" type="list" default="0"
				 label="medium aktiv"
				 description=""
				 filter="integer">
				 <option value="0">JNO</option>
				 <option value="1">JYES</option>
				</field>
		
		<!--s = small-->
		
				<field type="spacer" name="spacers" hr="true" />
		
				<field name="attribs_s" type="text"
				 default="w=320,quality=80,maxOnly=TRUE"
				 label="PLG_SYSTEM_BS3GHSVS_FIELD_INTRO_S_LBL"
				 description="" class="extended-width"
				 showon="active_s:1"/>
				 
				<field name="active_s" type="list" default="0"
				 label="small aktiv"
				 description=""
				 filter="integer">
				 <option value="0">JNO</option>
				 <option value="1">JYES</option>
				</field>
		
		<!--og = opengraph-->
		
				<field type="spacer" name="spacerog" hr="true" />
		
				<field name="attribs_og" type="text"
				 default="w=310,h=310,quality=80,maxOnly=TRUE"
				 label="PLG_SYSTEM_BS3GHSVS_FIELD_INTRO_OG_LBL"
				 description="" class="extended-width"
				 showon="active_og:1"/>
		
				<field name="active_og" type="list" default="0"
				 label="open graph aktiv"
				 description=""
				 filter="integer">
				 <option value="0">JNO</option>
				 <option value="1">JYES</option>
				</field>

</fields><!--/image_intro-->

<fields name="image_fulltext">
		<!--x = x-large-->
		
				<field type="spacer" name="spacerx2" hr="true" />
		
				<field name="attribs_x" type="text"
				 default="w=700,quality=80,maxOnly=TRUE"
				 label="PLG_SYSTEM_BS3GHSVS_FIELD_FULL_X_LBL"
				 description="" class="extended-width"
				 showon="active_x:1"/>
		
				<field name="active_x" type="list" default="0"
				 label="x-large aktiv"
				 description=""
				 filter="integer">
				 <option value="0">JNO</option>
				 <option value="1">JYES</option>
				</field>
		
		<!--l = large-->
				<field name="attribs_l" type="text"
				 default="w=480,quality=80,maxOnly=TRUE"
				 label="PLG_SYSTEM_BS3GHSVS_FIELD_FULL_L_LBL"
				 description="" class="extended-width"
				 showon="active_l:1"/>
				 
				<field name="active_l" type="list"
				 label="large aktiv"
				 description=""
				 filter="integer"
				 default="1"
				 readonly="true">
				 <option value="0">JNO</option>
				 <option value="1">JYES</option>
				</field>
				 
		<!--m = medium-->
				<field name="attribs_m" type="text"
				 default="w=400,quality=80,maxOnly=TRUE"
				 label="PLG_SYSTEM_BS3GHSVS_FIELD_FULL_M_LBL"
				 description="" class="extended-width"
				 showon="active_m:1"/>
				 
				<field name="active_m" type="list" default="0"
				 label="medium aktiv"
				 description=""
				 filter="integer">
				 <option value="0">JNO</option>
				 <option value="1">JYES</option>
				</field>
		
		<!--s = small-->
				<field name="attribs_s" type="text"
				 default="w=320,quality=80,maxOnly=TRUE"
				 label="PLG_SYSTEM_BS3GHSVS_FIELD_FULL_S_LBL"
				 description="" class="extended-width"
				 showon="active_s:1"/>
		
				<field name="active_s" type="list" default="0"
				 label="small aktiv"
				 description=""
				 filter="integer">
				 <option value="0">JNO</option>
				 <option value="1">JYES</option>
				</field>
		
		<!--og = opengraph-->
				<field name="attribs_og" type="text"
				 default="w=310,h=310,quality=80,maxOnly=TRUE"
				 label="PLG_SYSTEM_BS3GHSVS_FIELD_FULL_OG_LBL"
				 description="" class="extended-width"
				 showon="active_og:1"/>
		
				<field name="active_og" type="list" default="0"
				 label="open graph aktiv"
				 description=""
				 filter="integer">
				 <option value="0">JNO</option>
				 <option value="1">JYES</option>
				</field>

</fields><!--/image_fulltext-->


<field type="spacer" name="spacer15612" hr="true" />
<field type="spacer" name="spacer156123" hr="true" />

		<field type="spacer" name="articleimagespacer" label="PLG_SYSTEM_BS3GHSVS_ARTICLEIMAGES" />
		
				<field name="imageoptimizer_articletext" type="list" default="0"
				 label="Bildoptimierer für Bilder im Beitragstext aktiv"
				 description=""
				 filter="integer">
				 <option value="0">JNO</option>
				 <option value="1">JYES</option>
				</field>
		
				<field name="jlayout_articletextSpacer" type="spacer"
					label="PLG_SYSTEM_BS3GHSVS_LAYOUT_ARTICLETEXTSPACER"
					description="">
				</field>

				<field name="jlayout_articletext" type="text" default="ghsvs.article_image"
					filter="string"
					label="JLayout"
					description="PLG_SYSTEM_BS3GHSVS_EMPTY_DESC">
				</field>

<fields name="image_articletext">

		<!--x = x-large-->
				<field name="attribs_x" type="text"
				 default="w=1000,quality=80,maxOnly=TRUE"
				 label="PLG_SYSTEM_BS3GHSVS_FIELD_ARTICLETEXT_X_LBL"
				 description="" class="extended-width"
				 showon="active_x:1"/>
		
				<field name="active_x" type="list" default="0"
				 label="x-large aktiv"
				 description=""
				 filter="integer">
				 <option value="0">JNO</option>
				 <option value="1">JYES</option>
				</field>
		
		<!--l = large-->
				<field name="attribs_l" type="text"
				 default="w=480,quality=80,maxOnly=TRUE"
				 label="PLG_SYSTEM_BS3GHSVS_FIELD_ARTICLETEXT_L_LBL"
				 description="" class="extended-width"
				 showon="active_l:1"/>
		
				<field name="active_l" type="list"
				 label="large aktiv"
				 description=""
						 filter="integer"
				 default="1"
				 readonly="true">
				 <option value="0">JNO</option>
				 <option value="1">JYES</option>
				</field>
		
		<!--m = medium-->
				<field name="attribs_m" type="text"
				 default="w=400,quality=80,maxOnly=TRUE"
				 label="PLG_SYSTEM_BS3GHSVS_FIELD_ARTICLETEXT_M_LBL"
				 description="" class="extended-width"
				 showon="active_m:1"/>
		
				<field name="active_m" type="list" default="0"
				 label="medium aktiv"
				 description=""
				 filter="integer">
				 <option value="0">JNO</option>
				 <option value="1">JYES</option>
				</field>
		
		<!--s = small-->
				<field name="attribs_s" type="text"
				 default="w=320,quality=80,maxOnly=TRUE"
				 label="PLG_SYSTEM_BS3GHSVS_FIELD_ARTICLETEXT_S_LBL"
				 description="" class="extended-width"
				 showon="active_s:1"/>
		
				<field name="active_s" type="list" default="0"
				 label="small aktiv"
				 description=""
				 filter="integer">
				 <option value="0">JNO</option>
				 <option value="1">JYES</option>
				</field>
		
		<!--og = opengrah-->
				<field name="attribs_og" type="text"
				 default="w=310,h=310,quality=80,maxOnly=TRUE"
				 label="PLG_SYSTEM_BS3GHSVS_FIELD_ARTICLETEXT_OG_LBL"
				 description="" class="extended-width"
				 showon="active_og:1"/>
		
				<field name="active_og" type="list" default="0"
				 label="open graph aktiv"
				 description=""
				 filter="integer">
				 <option value="0">JNO</option>
				 <option value="1">JYES</option>
				</field>

</fields><!--/image_articletext-->

			</fieldset><!--/FieldsetImageResize-->
			
			<fieldset name="FieldsetOpenGraph"
				label="PLG_SYSTEM_BS3GHSVS_FIELDSET_OPENGRAPH"
				description="PLG_SYSTEM_BS3GHSVS_FIELDSET_OPENGRAPH_DESC">
				
				<field name="opengraphActive" type="list" default="1"
					label="PLG_SYSTEM_BS3GHSVS_OPENGRAPHACTIVE"
					description="PLG_SYSTEM_BS3GHSVS_EMPTY_DESC"
					filter="integer">
						<option value="0">JNO</option>
						<option value="1">JYES</option>
				</field>

				<field name="default_imagesspacer" type="spacer"
					label="PLG_CONTENT_FACEBOOKOPENGRAPHGHSVS_DEFAULT_IMAGE_DESC" />
	
				<field name="og_default_images" type="text"
					default="images/fb_default_images"
					readonly="true"
					label="PLG_CONTENT_FACEBOOKOPENGRAPHGHSVS_DEFAULT_IMAGE" 
					description="PLG_SYSTEM_BS3GHSVS_EMPTY_DESC" />

			</fieldset><!--/FieldsetOpenGraph-->

			<fieldset name="FieldsetSvg"
				label="PLG_SYSTEM_BS3GHSVS_FIELDSET_SVG"
				description="PLG_SYSTEM_BS3GHSVS_FIELDSET_SVG_DESC">

				<field name="svgSupport" type="list" default="1"
					label="SVG support"
					description="PLG_SYSTEM_BS3GHSVS_EMPTY_DESC"
					filter="integer">
						<option value="0">JNO</option>
						<option value="1">JYES</option>
				</field>

				<field name="svgSpan" type="list" default="1" filter="integer"
					label="SPAN um's SVG legen"
					description="PLG_SYSTEM_BS3GHSVS_EMPTY_DESC"
					showon="svgSupport:1">
						<option value="0">JNO</option>
						<option value="1">JYES</option>
				</field>

				<field name="svgSpanClass" type="text" filter="string"
					default="svgSpan svg-lg"
					label="CSS-Klasse(n) des umschließenden SPAN (Nicht svg-icon, da bereits anderweitig reserviert!). Leerzeichen für keine." 
					description="PLG_SYSTEM_BS3GHSVS_EMPTY_DESC"
					showon="svgSupport:1[AND]svgSpan:1"
					/>

				<field name="svgRemoveSpaces" type="list" default="0"
					label="Remove spaces and newlines around SVG."
					description="PLG_SYSTEM_BS3GHSVS_EMPTY_DESC"
					filter="integer"
					showon="svgSupport:1">
						<option value="0">JNO</option>
						<option value="1">JYES</option>
				</field>

				<field name="removeTagIfNoSvg" type="list" default="1"
					label="Remove tag if no matching *.svg found (Select NO for debug purposes)"
					description="PLG_SYSTEM_BS3GHSVS_EMPTY_DESC"
					filter="integer"
					showon="svgSupport:1">
						<option value="0">JNO</option>
						<option value="1">JYES</option>
				</field>
			</fieldset><!--/FieldsetSvg-->

			<fieldset name="FieldsetStructuredData"
				label="PLG_SYSTEM_BS3GHSVS_FIELDSET_STRUCTUREDDATA"
				description="PLG_SYSTEM_BS3GHSVS_FIELDSET_STRUCTUREDDATA_DESC">
				
				<field name="structureddataActive" type="list" default="1"
					label="PLG_SYSTEM_BS3GHSVS_STRUCTUREDDATAACTIVE"
					description="PLG_SYSTEM_BS3GHSVS_EMPTY_DESC"
					filter="integer">
						<option value="0">JNO</option>
						<option value="1">JYES</option>
				</field>

				<field name="sd_killmicrodata" type="list" default="1" filter="integer"
					label="Remove Joomlas Microdatas"
					description="PLG_SYSTEM_BS3GHSVS_EMPTY_DESC"
					showon="structureddataActive:1">
						<option value="0">JNO</option>
						<option value="1">always (all pages)</option>
				</field>

				<field name="sd_robots" type="list" default="1" filter="integer"
					label="Structured datas nur Robots zeigen"
					description=""
					showon="structureddataActive:1">
						<option value="0">JNO</option>
						<option value="1">JYES</option>
				</field>

				<field name="sd_prettyPrint" type="list" default="0"
					label="JSON_PRETTY_PRINT"
					description="YES: For debugging purposes. ld+json scripts easier readable in page source code. Recommended: NO"
					showon="structureddataActive:1">
						<option value="0">JNO</option>
						<option value="1">JYES</option>
				</field>

<field name="sd_articlespacer" type="spacer"
label="PLG_SYSTEM_BS3GHSVS_HEAD_SD_ARTICLE"
					showon="structureddataActive:1" />

<field name="sd_articleBody" type="list" default="0" filter="integer"
label="Include articleBody"
description="Seit 2016 für Google wohl nicht mehr nötig"
					showon="structureddataActive:1">
<option value="0">JNO</option>
<option value="1">JYES</option>
</field>


				<fields name="sd_organization">

					<field name="sd_organizationspacer" type="spacer"
						label="PLG_SYSTEM_BS3GHSVS_HEAD_SD_ORGANIZATION" />
					
					<field name="name" type="text" default="GHSVS Berlin Neukölln"
						label="Organization name"
						description=""
						class="extended-width" />

					<field name="email" type="text" default="info@ghsvs.de"
						label="Organization email"
						description=""
						class="extended-width" />

					<field name="telephone" type="text" default="+49-3070225168"
						label="Organization telephone"
						description=""
						class="extended-width" />

					<field name="faxNumber" type="text" default="0911-3084400421"
						label="Organization faxNumber"
						description=""
						class="extended-width" />

						<field name="foundingDate" type="text" default="2006"
							label="Organization foundingDate (Year)"
							description="" />

						<field name="description" type="text" default="Internet-Dienstleistungen mannigfaltiger Art zu günstigen Preisen für jedermann."
							label="Organization description"
							description=""
							class="extended-width" />

							<field name="foundingLocation" type="text" default="Berlin Neukölln"
								label="Organization foundingLocation"
								description=""
								class="extended-width" />
							
							<field name="founder" type="text" default="Volkmar Volli Schlothauer"
								label="Organization founder (Name of Person)"
								description=""
								class="extended-width" />



<field type="spacer" name="organizationlogospacer"
label="PLG_SYSTEM_BS3GHSVS_HEAD_SD_ORGANIZATION_IMAGES"/>

<field type="spacer" name="organizationminWidthspacer"
label="Google verlangt bspw. für Beitragsbilder minimal 696 Pixel. Setze auf 0 für ignorieren."/>

<field name="minWidth" type="number" default="696" min="0" filter="integer"
label="Minimum Image Width"
description="PLG_SYSTEM_BS3GHSVS_EMPTY_DESC" />

<field name="logo" type="media" default=""
label="PLG_STRUCTUREDDATAGHSVS_ORGANIZATIONLOGO_LBL"
description=""
class="extended-width" />

<field type="spacer" name="organizationlogosmallspacer"
label="PLG_STRUCTUREDDATAGHSVS_ORGANIZATIONLOGOSMALL_DESC"/>

<field name="logosmall" type="media" default=""
label="PLG_STRUCTUREDDATAGHSVS_ORGANIZATIONLOGOSMALL_LBL"
description=""
class="extended-width" />

<field type="spacer" name="fallbackimagespacer"
label="PLG_STRUCTUREDDATAGHSVS_FALLBACKIMAGE_DESC"/>

<field name="fallbackimage" type="media" default=""
label="PLG_STRUCTUREDDATAGHSVS_FALLBACKIMAGE_LBL"
description=""
class="extended-width" />


				</fields>

			</fieldset><!--/FieldsetStructuredData-->
			
			<fieldset name="FieldsetVorschaltseite"
				label="Vorschaltseite"
				description="Sie benötigen 1 Menü mit Menütyp: 'vorschaltmenue' ! Darin der Menüeintrag, der die Vorschaltseite ist. Zum Aktivieren der Vorschaltseite können Sie sie dann hier wählen.">

				<field name="spacerVorschaltseite" type="spacer"
					label="PLG_SYSTEM_BS3GHSVS_VORSCHALTSEITE" />

				<field name="vorschaltseite" type="menuitem" default=""
					label="Vorschaltseite (Menüeintrag)"
					description="PLG_SYSTEM_BS3GHSVS_EMPTY_DESC"
					menu_type="vorschaltmenue">
					<option value="">JNONE</option>
				</field>

			</fieldset><!--/FieldsetVorschaltseite-->
			
			<fieldset name="FieldsetPagebreak"
				label="Pagebreakghsvs-Slider"
				description="Im Zusammenspiel mit Editor-Plugin 'pagebreakghsvs' (Button for Editors (insert slide markers) by GHSVS.de)">

				<field name="toggleContainer" type="text" default="div" filter="string"
					label="HTML-Container für Slide-Toggler [toggleContainer]"
					description="PLG_SYSTEM_BS3GHSVS_EMPTY_DESC"/>

				<field name="headingTagGhsvs" type="text" default="h4" filter="string"
					label="Headline-Tag für Slider-Überschrift [headingTagGhsvs]"
					description="PLG_SYSTEM_BS3GHSVS_EMPTY_DESC"/>

				<field name="activeToSession" type="list" default="1" filter="integer"
					label="Aktive IDs in Session schreiben mit Ajax-Plugin [activeToSession]"
					description="PLG_SYSTEM_BS3GHSVS_EMPTY_DESC">
						<option value="1">JYES</option>
						<option value="0">JNO</option>
				</field>

			</fieldset><!--/FieldsetPagebreak-->

  </fields>
 </config>
</extension>